CanonicalJoint,OpenUSD,BVH,ASF/AMC,VRM,HAnim,SMPL,SMPL-X,Mixamo,UEMannequin,UnityMecanim,Godot,SecondLife,Roblox,Momentum
Root (Parent of e.g. Hips),-,-,-,root,-,-,-,-,-,-,Root,-,Root/HumanoidRootNode,root
Hips,Hips,Hips,pelvis,hips,HumanoidRoot,pelvis,pelvis,Hips,Root (Pelvis),Hips,Hips,mPelvis/PELVIS,LowerTorso,c_spine0
Spine,Torso,Spine,lowerback,spine,lumbosacral,spine1,spine1,Spine,Spine_01,Spine,Spine,mTorso/BELLY,-,c_spine1
Spine1/2/etc,-,-,-,-,-,-,-,-,-,-,-,mSpine1/2/3/4,-,c_spine1/c_spine2
Chest,Chest,Spine1 / Spine2,upperback / thorax,chest,thorax,spine2,spine2,Spine1 / Spine2,Spine_02 / Spine_03,Chest,Chest,mChest/CHEST,UpperTorso,c_spine3
Chest1/2/etc,UpChest,-,-,upperChest,opt,-,-,-,-,UpperChest (opt),UpperChest,-,-,-
Neck,Neck,Neck,lowerneck,neck,neck,neck,neck,Neck,Neck_01,Neck,Neck,mNeck/NECK,-,c_neck
Head,Head,Head,head,head,head,head,head,Head,Head,Head,Head,mHead/HEAD,Head/DynamicHead (Opt),c_head
Head1,-,-,-,-,-,-,-,-,-,-,-,mSkull,-,-
Jaw,-,EndSite,opt,jaw,opt,opt,jaw,opt,opt,Jaw,Jaw,mFaceJaw,-,c_jaw
LeftEye,LEye,EndSite,eye_l,leftEye,eyeball_l,-,LEye,opt,Eye_L,LeftEye,LeftEye,mEyeLeft,-,l_eye
Left / Right Eyelids,L / R controls x 12,-,-,-,-,-,-,-,-,-,-,mFaceEyeLid*,-,-
LeftEyeTwist,-,-,-,-,-,-,LEyeTwist,-,Eye_L_Twist,-,-,-,-,-
RightEye,REye,EndSite,eye_r,rightEye,eyeball_r,-,REye,opt,Eye_R,RightEye,RightEye,mEyeRight,-,r_eye
RightEyeTwist,-,-,-,-,-,-,REyeTwist,-,Eye_R_Twist,-,-,-,-,-
Nose,Nose,-,-,-,opt,-,Nose,opt,opt,-,-,mFaceNose*,-,-
Chin,Chin / LChin / RChin,-,-,-,opt,-,Chin,opt,opt,-,-,mFaceChin,-,-
Left / Right Ear,LEar / REar,-,-,-,-,-,-,-,-,-,-,mFaceEar*,-,-
LeftCheek,LCheek,-,-,-,opt,-,LCheek,opt,opt,-,-,mFaceCheek(Upper/Lower)Left,-,-
RightCheek,RCheek,-,-,-,opt,-,RCheek,opt,opt,-,-,mFaceCheek(Upper/Lower)Right,-,-
Mouth,Mouth,-,-,-,opt,-,Mouth,opt,opt,-,-,-,-,-
UpperLip,UpLip / LUpLip / RUpLip,-,-,-,opt,-,UpLip,opt,opt,-,-,mFaceLipUpper*,-,-
LowerLip,LoLip / LLoLip / RLoLip,-,-,-,opt,-,LoLip,opt,opt,-,-,mFaceLipLower*,-,-
LeftLipCorner,LLipCorner,-,-,-,opt,-,LLipCorner,opt,opt,-,-,mFaceLipCornerLeft,-,-
RightLipCorner,RLipCorner,-,-,-,opt,-,RLipCorner,opt,opt,-,-,mFaceLipCornerRight,-,-
Brow,LBrow / Brow,-,-,-,opt,-,LBrow / RBrow,opt,opt,-,-,mFaceEyebrow*,-,-
LeftShoulder,LShldr,LeftShoulder,lclavicle,leftShoulder,clavicle_l,LShldr,LShldr,LeftShoulder,Clavicle_L,LeftShoulder,LeftShoulder,mCollarLeft/L_CLAVICLE,LeftUpperArm,l_clavicle
LeftUpperArm,LArm,LeftArm,lhumerus,leftUpperArm,humerus_l,LArm,LArm,LeftArm,UpperArm_L,LeftUpperArm,LeftUpperArm,mShoulderLeft/L_UPPER_ARM,-,l_uparm
LeftLowerArm,LElbow,LeftForeArm,lradius,leftLowerArm,radius_l,LForeArm,LForeArm,LeftForeArm,LowerArm_L,LeftLowerArm,LeftLowerArm,mElbowLeft/L_LOWER_ARM,LeftLowerArm,l_lowarm
LeftHand,LHand,LeftHand,lwrist,leftHand,hand_l,LHand,LHand,LeftHand,Hand_L,LeftHand,LeftHand,mWristLeft/L_HAND,LeftHand,l_wrist
LeftThumbMetacarpal,LThumb,-,lthumb,leftThumbMetacarpal,opt,-,LThumb,LThumb,opt,LeftThumbProximal,LeftThumbMetacarpal,mHandThumb1Left,-,l_thumb0
LeftThumbProximal,LThumbMid,-,-,leftThumbProximal,opt,-,LThumbMid,LThumbMid,opt,LeftThumbIntermediate,LeftThumbProximal,mHandThumb2Left,-,l_thumb1
LeftThumbDistal,LThumbTip,-,-,leftThumbDistal,opt,-,LThumbTip,LThumbTip,opt,LeftThumbDistal,LeftThumbDistal,mHandThumb3Left,-,l_thumb2
LeftThumbTip,LThumbEnd,-,-,-,opt,-,LThumbEnd,LThumbEnd,opt,-,-,-,-,l_thumb_null
LeftIndexMetacarpal,-,-,-,-,-,-,-,-,-,-,-,-,-,-
LeftIndexProximal,LIndex,-,lindex,leftIndexProximal,opt,-,LIndex,LIndex,opt,LeftIndexProximal,LeftIndexProximal,mHandIndex1Left,-,l_index1
LeftIndexIntermediate,LIndexMid,-,-,leftIndexIntermediate,opt,-,LIndexMid,LIndexMid,opt,LeftIndexIntermediate,LeftIndexIntermediate,mHandIndex2Left,-,l_index2
LeftIndexDistal,LIndexTip,-,-,leftIndexDistal,opt,-,LIndexTip,LIndexTip,opt,LeftIndexDistal,LeftIndexDistal,mHandIndex3Left,-,l_index3
LeftIndexTip,LIndexEnd,-,-,-,opt,-,LIndexEnd,LIndexEnd,opt,-,-,-,-,l_index_null
LeftMiddleMetacarpal,-,-,-,-,-,-,-,-,-,-,-,-,-,-
LeftMiddleProximal,LMiddle,-,-,leftMiddleProximal,opt,-,LMiddle,LMiddle,opt,LeftMiddleProximal,LeftMiddleProximal,mHandMiddle1Left,-,l_middle1
LeftMiddleIntermediate,LMiddleMid,-,lmiddle,leftMiddleIntermediate,opt,-,LMiddleMid,LMiddleMid,opt,LeftMiddleIntermediate,LeftMiddleIntermediate,mHandMiddle2Left,-,l_middle2
LeftMiddleDistal,LMiddleTip,-,-,leftMiddleDistal,opt,-,LMiddleTip,LMiddleTip,opt,LeftMiddleDistal,LeftMiddleDistal,mHandMiddle3Left,-,l_middle3
LeftMiddleTip,LMiddleEnd,-,-,-,opt,-,LMiddleEnd,LMiddleEnd,opt,-,-,-,-,l_middle_null
LeftRingMetacarpal,-,-,-,-,-,-,-,-,-,-,-,-,-,-
LeftRingProximal,LRing,-,lring,leftRingProximal,opt,-,LRing,LRing,opt,LeftRingProximal,LeftRingProximal,mHandRing1Left,-,l_ring1
LeftRingIntermediate,LRingMid,-,-,leftRingIntermediate,opt,-,LRingMid,LRingMid,opt,LeftRingIntermediate,LeftRingIntermediate,mHandRing2Left,-,l_ring2
LeftRingDistal,LRingTip,-,-,leftRingDistal,opt,-,LRingTip,LRingTip,opt,LeftRingDistal,LeftRingDistal,mHandRing3Left,-,l_ring3
LeftRingTip,LRingEnd,-,-,-,opt,-,LRingEnd,LRingEnd,opt,-,-,-,-,l_ring_null
LeftPinkyMetacarpal,-,-,-,-,-,-,-,-,-,-,-,-,-,l_pinky0
LeftPinkyProximal,LPinky,-,lpinky,leftLittleProximal,opt,-,LPinky,LPinky,opt,LeftLittleProximal,LeftLittleProximal,mHandPinky1Left,-,l_pinky1
LeftPinkyIntermediate,LPinkyMid,-,-,leftLittleIntermediate,opt,-,LPinkyMid,LPinkyMid,opt,LeftLittleIntermediate,LeftLittleIntermediate,mHandPinky2Left,-,l_pinky2
LeftPinkyDistal,LPinkyTip,-,-,leftLittleDistal,opt,-,LPinkyTip,LPinkyTip,opt,LeftLittleDistal,LeftLittleDistal,mHandPinky3Left,-,l_pinky3
LeftPinkyTip,LPinkyEnd,-,-,-,opt,-,LPinkyEnd,LPinkyEnd,opt,-,-,-,-,l_pinky_null
RightShoulder,RShldr,RightShoulder,rclavicle,rightShoulder,clavicle_r,RShldr,RShldr,RightShoulder,Clavicle_R,RightShoulder,RightShoulder,mCollarRight/R_CLAVICLE,RightUpperArm,r_clavicle
RightUpperArm,RArm,RightArm,rhumerus,rightUpperArm,humerus_r,RArm,RArm,RightArm,UpperArm_R,RightUpperArm,RightUpperArm,mShoulderRight/R_UPPER_ARM,-,r_uparm
RightLowerArm,RElbow,RightForeArm,rradius,rightLowerArm,radius_r,RForeArm,RForeArm,RightForeArm,LowerArm_R,RightLowerArm,RightLowerArm,mElbowRight/R_LOWER_ARM,RightLowerArm,r_lowarm
RightHand,RHand,RightHand,rwrist,rightHand,hand_r,RHand,RHand,RightHand,Hand_R,RightHand,RightHand,mWristRight/R_HAND,RightHand,r_wrist
RightThumbMetacarpal,RThumb,-,rthumb,rightThumbMetacarpal,opt,-,RThumb,RThumb,opt,RightThumbProximal,RightThumbMetacarpal,mHandThumb1Right,-,r_thumb0
RightThumbProximal,RThumbMid,-,-,rightThumbProximal,opt,-,RThumbMid,RThumbMid,opt,RightThumbIntermediate,RightThumbProximal,mHandThumb2Right,-,r_thumb1
RightThumbDistal,RThumTip,-,-,rightThumbDistal,opt,-,RThumbTip,RThumbTip,opt,RightThumbDistal,RightThumbDistal,mHandThumb3Right,-,r_thumb2
RightThumbTip,RThumEnd,-,-,-,opt,-,RThumbEnd,RThumbEnd,opt,-,-,-,-,r_thumb_null
RightIndexMetacarpal,-,-,-,-,-,-,-,-,-,-,-,-,-,-
RightIndexProximal,RIndex,-,rindex,rightIndexProximal,opt,-,RIndex,RIndex,opt,RightIndexProximal,RightIndexProximal,mHandIndex1Right,-,r_index1
RightIndexIntermediate,RIndexMid,-,-,rightIndexIntermediate,opt,-,RIndexMid,RIndexMid,opt,RightIndexIntermediate,RightIndexIntermediate,mHandIndex2Right,-,r_index2
RightIndexDistal,RIndexTip,-,-,rightIndexDistal,opt,-,RIndexTip,RIndexTip,opt,RightIndexDistal,RightIndexDistal,mHandIndex3Right,-,r_index3
RightIndexTip,RIndexEnd,-,-,-,opt,-,RIndexEnd,RIndexEnd,opt,-,-,-,-,r_index_null
RightMiddleMetacarpal,-,-,-,-,-,-,-,-,-,-,-,-,-,-
RightMiddleProximal,RMiddle,-,rmiddle,rightMiddleProximal,opt,-,RMiddle,RMiddle,opt,RightMiddleProximal,RightMiddleProximal,mHandMiddle1Right,-,r_middle1
RightMiddleIntermediate,RMiddleMid,-,-,rightMiddleIntermediate,opt,-,RMiddleMid,RMiddleMid,opt,RightMiddleIntermediate,RightMiddleIntermediate,mHandMiddle2Right,-,r_middle2
RightMiddleDistal,RMiddleTip,-,-,rightMiddleDistal,opt,-,RMiddleTip,RMiddleTip,opt,RightMiddleDistal,RightMiddleDistal,mHandMiddle3Right,-,r_middle3
RightMiddleTip,RMiddleEnd,-,-,-,opt,-,RMiddleEnd,RMiddleEnd,opt,-,-,-,-,r_middle_null
RightRingMetacarpal,-,-,-,-,-,-,-,-,-,-,-,-,-,-
RightRingProximal,RRing,-,rring,rightRingProximal,opt,-,RRing,RRing,opt,RightRingProximal,RightRingProximal,mHandRing1Right,-,r_ring1
RightRingIntermediate,RRingMid,-,-,rightRingIntermediate,opt,-,RRingMid,RRingMid,opt,RightRingIntermediate,RightRingIntermediate,mHandRing2Right,-,r_ring2
RightRingDistal,RRingTip,-,-,rightRingDistal,opt,-,RRingTip,RRingTip,opt,RightRingDistal,RightRingDistal,mHandRing3Right,-,r_ring3
RightRingTip,RRingEnd,-,-,-,opt,-,RRingEnd,RRingEnd,opt,-,-,-,-,r_ring_null
RightPinkyMetacarpal,-,-,-,-,-,-,-,-,-,-,-,-,-,r_pinky0
RightPinkyProximal,RPinky,-,rpinky,rightLittleProximal,opt,-,RPinky,RPinky,opt,RightLittleProximal,RightLittleProximal,mHandPinky1Right,-,r_pinky1
RightPinkyIntermediate,RPinkyMid,-,-,rightLittleIntermediate,opt,-,RPinkyMid,RPinkyMid,opt,RightLittleIntermediate,RightLittleIntermediate,mHandPinky2Right,-,r_pinky2
RightPinkyDistal,RPinkyTip,-,-,rightLittleDistal,opt,-,RPinkyTip,RPinkyTip,opt,RightLittleDistal,RightLittleDistal,mHandPinky3Right,-,r_pinky3
RightPinkyTip,RPinkyEnd,-,-,-,opt,-,RPinkyEnd,RPinkyEnd,opt,-,-,-,-,r_pinky_null
LeftUpperLeg,LLeg,LeftUpLeg,lfemur,leftUpperLeg,femur_l,LThigh,LThigh,LeftUpLeg,Thigh_L,LeftUpperLeg,LeftUpperLeg,mHipLeft/L_UPPER_LEG,LeftUpperLeg,l_upleg
LeftLowerLeg,LKnee,LeftLeg,ltibia,leftLowerLeg,tibia_l,LLeg,LLeg,LeftLeg,Calf_L,LeftLowerLeg,LeftLowerLeg,mKneeLeft/L_LOWER_LEG,LeftLowerLeg,l_lowleg
LeftFoot,LFoot,LeftFoot,lfoot,leftFoot,foot_l,LFoot,LFoot,LeftFoot,Foot_L,LeftFoot,LeftFoot,mAnkleLeft/L_FOOT,LeftFoot,l_foot
LeftFoot1,-,-,-,-,-,-,-,-,-,-,-,mFootLeft,-,l_talocrural
LeftToes,LToes,EndSite,ltoes,leftToes,opt,-,LeftToes,LeftToeBase,Toe_L (opt),LeftToes (opt),LeftToes,mToeLeft,-,l_ball
LeftToesTip,LTip,-,-,-,opt,-,LTip,-,LeftTip (opt),-,-,-,-,-
RightUpperLeg,RLeg,RightUpLeg,rfemur,rightUpperLeg,femur_r,RThigh,RThigh,RightUpLeg,Thigh_R,RightUpperLeg,RightUpperLeg,mHipRight/R_UPPER_LEG,RightUpperLeg,r_upleg
RightLowerLeg,RKnee,RightLeg,rtibia,rightLowerLeg,tibia_r,RLeg,RLeg,RightLeg,Calf_R,RightLowerLeg,RightLowerLeg,mKneeRight/R_LOWER_LEG,RightLowerLeg,r_lowleg
RightFoot,RFoot,RightFoot,rfoot,rightFoot,foot_r,RFoot,RFoot,RightFoot,Foot_R,RightFoot,RightFoot,mAnkleRight/R_FOOT,RightFoot,r_foot
RightFoot1,-,-,-,-,-,-,-,-,-,-,-,mFootRight,-,r_talocrural
RightToes,RToes,EndSite,rtoes,rightToes,opt,-,-,RightToeBase,Toe_R (opt),RightToes (opt),RightToes,mToeRight,-,r_ball
RightToesTip,RTip,-,-,-,opt,-,RTip,-,RightTip (opt),-,-,-,-,-
